"!SYSTEM-key :Dansk (Med prefix: @)","da:Dansk (Denmark:Danish da-DK)","en:English (United Kingdom:English en-GB)","de:Deutsch (Germany:German de-DE)","fr:Français (France:French fr-FR)","tr:Türkçe (Turkey:Turkish tr-TR)","es:Español (Spain:Spanish es-ES)"
"@1. Danske debitorer","1. Danske debitorer","1. Danish debtors","1. dänischen Schuldner","1. débiteurs danois","1. Danimarkalı borçlular","1. deudores danesas"
"@14 dage","14 dage","14 days","14 Tage","14 jours","14 gün","14 días"
"@2. Europæiske debitorer","2. Europæiske debitorer","2. European debtors","2. Europäische Schuldner","2. débiteurs européens","2. Avrupa borçlular","2. Los deudores europeos"
"@30 dage","30 dage","30 days","30 Tage","30 jours","30 gün","30 días"
"@8 dage","8 dage","8 days","8 Tage","8 jours","8 gün","8 días"
"@Adgangskode for databaseadministrator","Adgangskode for databaseadministrator","Password for database administrator","Kennwort für den Datenbankadministrator","Mot de passe pour l'administrateur de base de données","veritabanı yöneticisi için şifre","Contraseña de administrador de la base"
"@Adgangskode for ovenstående bruger","Adgangskode for ovenstående bruger","Password for the above user","Passwort für den angegebenen Benutzer","Mot de passe pour l'utilisateur ci-dessus","Yukarıdaki kullanıcı için şifre","Contraseña del usuario anterior"
"@Adgangskode","Adgangskode","password","Kennwort","mot de passe","şifre","contraseña"
"@Adresse","Adresse","Address","Adresse","adresse","adres","dirección"
"@Afdeling","Afdeling","Department","Abteilung","département","bölüm","departamento"
"@Afhængigt af koden i D/K vil der være tale om en debitor-, Kreditor- eller Finanskonto","Afhængigt af koden i D/K vil der være tale om en debitor-, Kreditor- eller Finanskonto","Depending on the code in the D / K will be a customer, vendor or Financial Account","Je nach dem Code in der D / K wird ein Kunde, Lieferant oder Finanzkonto sein","Selon le code dans le D / K sera un client, fournisseur ou compte financier","D / K kod bağlı bir müşteri, satıcı veya Finans Hesabı olacak","Dependiendo del código en el D / K será un cliente, proveedor o cuenta financiera"
"@Afmærk her når varen/ydelsen er afsendt","Afmærk her når varen/ydelsen er afsendt","Mark here when the product / service has been shipped","Mark hier, wenn das Produkt / Service wurde ausgeliefert","Mark ici quand le produit / service a été expédié","Burada Mark ürün / hizmet sevk edildiğinde","Marca aquí cuando el producto / servicio que se haya enviado"
"@Afmærk her, hvis kriterier skal genbruges.","Afmærk her, hvis kriterier skal genbruges.","Mark here, if the criteria must be recycled.","Markieren Sie hier, wenn die Kriterien müssen recycelt werden.","Marquez ici, si les critères doivent être recyclés.","kriterler geri dönüşümlü gerekiyorsa, burada işaretleyin.","Marque aquí, si se deben reciclar los criterios."
"@Afmærk her, hvis leverings adresse er den samme som faktura adresse","Afmærk her, hvis leverings adresse er den samme som faktura adresse","Mark here if delivery address is the same as invoice address","Mark hier, wenn Lieferadresse ist die gleiche wie Rechnungsadresse","Mark ici si l'adresse de livraison est la même que l'adresse de facturation","Mark burada teslimat adresi, fatura adresi ile aynı ise","Marcar aquí si la dirección de entrega es la misma que la dirección de facturación"
"@Afsendt","Afsendt","Posted","Eingestellt","Publié","Yayınlanan","Publicado"
"@Afstem","Afstem","Voters","Die Wähler","Les électeurs","seçmenler","votantes"
"@Aktiv databaseadministrator","Aktiv databaseadministrator","Active database administrator","Aktive Datenbankadministrator","administrateur de base de données Active","Aktif veritabanı yöneticisi","administrador de la base de datos activa"
"@Aktiver sprog","Aktiver sprog","Enable language","Aktivieren Sie die Sprache","Activer la langue","dili etkinleştirmek","Habilitar el lenguaje"
"@Aktiver valget","Aktiver valget","Enable choice","Aktivieren Wahl","Activer le choix","seçim etkinleştirme","Habilitar opción"
"@Aktuelt sprog: ","Aktuelt sprog:","Current language:","Aktuelle Sprache:","Langue actuelle:","Geçerli dil:","Lenguaje actual:"
"@Alle andre mapper skal være skrivebeskyttet!","Alle andre mapper skal være skrivebeskyttet!","All other folders must be writable!","Alle anderen Ordner müssen beschreibbar sein!","Tous les autres dossiers doivent être inscriptible!","Diğer tüm klasörler yazılabilir olmalı!","Todas las demás carpetas deben tener permisos de escritura!"
"@Alle","Alle","All","alle","tous","tüm","todos"
"@Angiv Adgangskoden svarende til Brugernavnet","Angiv Adgangskoden svarende til Brugernavnet","Enter the password corresponding to the user name","Geben Sie das Kennwort für den Benutzernamen entspricht,","Entrez le mot de passe correspondant au nom d'utilisateur","kullanıcı adına karşılık gelen şifreyi girin","Introduzca la contraseña correspondiente al nombre de usuario"
"@Angiv Antal","Angiv Antal","Enter Number","Nummer eingeben","Entrez le numéro","Numarasını girin","introducir número"
"@Angiv Bemærkninger","Angiv Bemærkninger","Enter Comments","Geben Sie Kommentare","Entrez Commentaires","Yorumlar girmek","introducir comentarios"
"@Angiv E-mail","Angiv E-mail","Enter E-mail","Geben Sie E-Mail","Entrez E-mail","E-mail adresinizi girin","Introduzca su correo"
"@Angiv Faktura Adresse","Angiv Faktura Adresse","Enter Invoice Address","Geben Sie Rechnungsadresse","Entrez Adresse de facturation","Fatura Adresini girin","Registrar factura Dirección"
"@Angiv Faktura Kunde Bynavn","Angiv Faktura Kunde Bynavn","Enter Invoice Customer City Name","Geben Sie Rechnung Kunde Stadt Name","Saisir facture Ville Nom du client","Fatura Müşteri Şehir Adını Girin","Registrar factura al cliente Nombre de la ciudad"
"@Angiv Faktura Kunde Land","Angiv Faktura Kunde Land","Enter Invoice Customer Country","Geben Sie Land-Rechnung Kunden","Saisir facture client Pays","Fatura Müşteri Ülke girin","Registrar factura al cliente País"
"@Angiv Faktura Kunde Sted","Angiv Faktura Kunde Sted","Enter Invoice Customer Location","Geben Sie Rechnung Kunde Ort","Saisir facture client Localisation","Fatura Müşteri Konumu girin","Registrar factura al cliente Localización"
"@Angiv Faktura Kunde postnr","Angiv Faktura Kunde postnr","Enter Invoice Company postcode","Geben Sie Rechnung Firma Postleitzahl","Entrez code postal facture Société","Fatura Firma posta kodu girin","Ingrese el código postal de la factura de la empresa"
"@Angiv Forsendelses oplysninger","Angiv Forsendelses oplysninger","Enter Shipping Information","Geben Sie Versandinformationen","Entrez Information Livraison","Kargo Bilgilerini Girin","Introducir la información de envío"
"@Angiv Kontakt person","Angiv Kontakt person","Enter Contact person","Geben Sie Ansprechpartner","Entrez Personne de contact","İletişim kişiyi girin","Introduzca Persona de contacto"
"@Angiv Kontaktpersons Navn","Angiv Kontaktpersons Navn","Enter Contact Person's Name","Geben Sie Kontaktperson Name","Entrez le nom de la personne-ressource","İletişim Kişinin Adını Girin","Introducir el nombre de la persona de contacto"
"@Angiv Kunde Attention","Angiv Kunde Attention","Enter Customer Attention","Geben Sie die Aufmerksamkeit der Kunden","Entrez client Attention","Müşteri Dikkat girin","Introduzca Atención al cliente"
"@Angiv Kunde Email adresse","Angiv Kunde Email adresse","Enter Customer Email","Geben Sie Kunden per E-Mail","Entrez client Email","Müşteri E-posta girin","Introduzca cliente de correo electrónico"
"@Angiv Kunde Navn","Angiv Kunde Navn","Enter Company Name","Geben Sie Name des Unternehmens","Entrez Nom de l'entreprise","Şirket Adını Girin","Introducir el nombre de la empresa"
"@Angiv Kunde Telefon","Angiv Kunde Telefon","Enter Company Phone","Geben Sie Unternehmen Telefon","Entrez Société Téléphone","Şirket Telefon girmek","Introduzca Empresa Teléfono"
"@Angiv Leverings Adresse","Angiv Leverings Adresse","Enter Delivery Address","Geben Sie Lieferadresse","Entrez l'adresse de livraison","Teslim Adresi girin","Introduzca la dirección de entrega"
"@Angiv Leverings Kunde postnr","Angiv Leverings Kunde postnr","Enter Delivery Company postcode","Geben Sie Lieferung Firma Postleitzahl","Entrer le code postale Livraison Société","Teslimat Firma posta kodu girin","Ingrese el código postal de entrega de la empresa"
"@Angiv Leverings Land","Angiv Leverings Land","Enter Delivery Country","Geben Sie Lieferung Land","Entrez Pays de livraison","Teslimat Ülke girin","Introduzca entrega del país"
"@Angiv Leverings Sted","Angiv Leverings Sted","Enter Delivery Location","Geben Sie Zustellstandorte","Entrez Lieu de livraison","Teslim Yeri Girin","Introduzca la ubicación de entrega"
"@Angiv Leveringsstedets Bynavn","Angiv Leveringsstedets Bynavn","Enter Delivery Stedets City Name","Geben Sie Lieferung Stedets Stadt Name","Entrez le nom Livraison Stedets Ville","Teslim Stedets Şehir Adını Girin","Introducir el nombre de la ciudad de entrega Stedets"
"@Angiv Mail emne","Angiv Mail emne","Enter Mail topic","Geben Sie E-Mail Thema","Entrez le sujet du courrier","Posta konuyu girin","Introduzca tema del correo"
"@Angiv Mail tekst","Angiv Mail tekst","Enter Mail text","Geben Sie Mail-Text","Entrez le texte du courrier","Posta metni girin","Introduzca el texto del correo"
"@Angiv Mobilnr.","Angiv Mobilnr.","Enter Mobile.","Geben Sie Mobile.","Entrez Mobile.","Mobile girin.","Introduzca móvil."
"@Angiv Modtager Navn","Angiv Modtager Navn","Enter Recipient Name","Geben Sie Name des Empfängers","Entrez le nom du bénéficiaire","Alıcı Adı girin","Ingrese Nombre del destinatario"
"@Angiv Modtagers Email adresse","Angiv Modtagers Email adresse","Enter Recipient's Email","Geben Sie des Empfängers E-Mail","Entrez Courriel du destinataire","Alıcının E-posta girin","Introducir e-mail del destinatario"
"@Angiv Modtagers Telefon","Angiv Modtagers Telefon","Enter Recipient Phone","Empfänger eingeben Telefon","Entrez téléphone du destinataire","Alıcı Telefon girmek","Introduzca teléfono del destinatario"
"@Angiv Noter til fragtmand","Angiv Noter til fragtmand","Enter Notes to the carrier","Geben Sie Hinweise auf den Träger","Entrez Notes sur le support","taşıyıcıya Notlar girin","Notas entrará al transportista"
"@Angiv Telefon","Angiv Telefon","Enter Phone","Geben Sie Telefon","Entrez téléphone","Telefon girmek","Introduzca Teléfono"
"@Angiv Vedhæftet fil","Angiv Vedhæftet fil","Enter Attachment","Geben Sie Befestigung","Entrez Attachment","Ek girin","Introduzca el Adjunto"
"@Angiv beskrivelse af ydelsen","Angiv beskrivelse af ydelsen","Enter description of the service","Geben Sie eine Beschreibung des Service","Entrez la description du service","hizmetin açıklamasını girin","Introduzca descripción del servicio"
"@Angiv dit SALDI Brugernavn","Angiv dit SALDI Brugernavn","Enter your BALANCES Username","Geben Sie Ihre BALANCES Benutzername","Entrez votre nom d'utilisateur SOLDES","senin BORÇLAR Adı girin","Introduzca su nombre de usuario SALDOS"
"@Angiv enhedspris","Angiv enhedspris","Enter unit price","Geben Sie den Stückpreis","Entrez le prix unitaire","birim fiyatını girin","Introduzca precio unitario"
"@Angiv kriterier:","Angiv kriterier:","Enter criteria:","Geben Sie Kriterien:","Entrez les critères:","ölçütleri girin:","Introducir criterios:"
"@Angiv navnet på det Regnskab, som du har adgang til","Angiv navnet på det Regnskab, som du har adgang til","Enter the name of the account which you have access to","Geben Sie den Namen des Kontos, die Sie Zugriff haben","Entrez le nom du compte que vous avez accès à","Eğer erişimi olan hesabın adını girin","Introduce el nombre de la cuenta de la que se tiene acceso a"
"@Angiv periode start Dato","Angiv periode start Dato","Enter period start date","Geben Sie Zeitraum Startdatum","Entrez période date de début","dönem başlangıç ​​tarihi girin","Introduzca la fecha de inicio periodo"
"@Angiv position","Angiv position","Set location","Set Lage","Set emplacement","Set konumu","Establecer ubicación"
"@Angiv rabatbeløb","Angiv rabatbeløb","Enter discount amount","Geben Sie Rabattbetrag","Entrez le montant de réduction","indirim tutarı girin","Introduzca la cantidad de descuento"
"@Angiv rabatsats","Angiv rabatsats","Enter discount rate","Geben Sie Diskontsatz","Entrez le taux d'actualisation","iskonto oranını girin","Ingrese la tasa de descuento"
"@Angiv rapporterings Konto","Angiv rapporterings Konto","Enter reporting Account","Geben Sie die Berichterstattung Konto","Entrez compte des rapports","raporlama Hesap girin","Introduzca la cuenta de informes"
"@Angiv varenr","Angiv varenr","Enter No.","Geben Sie Nein.","Entrez No.","Hayır girin","Entre No."
"@Antal","Antal","Number","Anzahl","nombre","sayı","número"
"@Attention","Attention","Attention","Achtung","attention","Dikkat","atención"
"@Bank konto","Bank konto","Bank account","Bankkonto","compte bancaire","banka hesabı","cuenta bancaria"
"@Bank reg.","Bank reg.","Bank reg.","Bank reg.","reg bancaire.","Banka reg.","reg banco."
"@Begræns visning i tabellen nedenfor, ved at angive søge-/visnings-kriterier i disse felter:","Begræns visning i tabellen nedenfor, ved at angive søge-/visnings-kriterier i disse felter:","Limit display in the table below, by entering the search / view's criteria in these fields:","Limit-Anzeige in der unten stehenden Tabelle durch Eingabe der Suche / Ansicht der Kriterien in diesen Bereichen:","Limiter l'affichage dans le tableau ci-dessous, en entrant les critères de la recherche / vue dans ces domaines:","Bu alanlarda arama / görünümün kriterlerini girerek, aşağıdaki tabloda görüntülenmesini sınırlamak:","Limitar la visualización en la tabla de abajo, mediante la introducción de criterios de la búsqueda / de ver en estos campos:"
"@Beløb indeholder det beløb, der skal bogføres. Hvis man ved simulering eller anden kontrol opdager, ","Beløb indeholder det beløb, der skal bogføres. Hvis man ved simulering eller anden kontrol opdager,","Amount contains the amount to be posted. If, by simulation or other checks discovers","Betrag enthält den Betrag gebucht werden. Wenn, durch Simulation oder andere Kontrollen entdeckt","Montant contient le montant à être affiché. Si, par simulation ou d'autres contrôles découvre","Tutar asılacak miktarını içerir. simülasyon ya da diğer kontrolleri keşfeder tarafından, eğer","Monto contiene la cantidad a ser publicado. Si, por simulación u otros controles descubre"
"@Beløb","Beløb","Amount","Betrag","montant","miktar","cantidad"
"@Bemærkninger","Bemærkninger","comments","Kommentare","commentaires","yorumlar","comentarios"
"@Benyt mail","Benyt mail","Use mail","Verwenden mail","Utilisez la poste","posta kullanmak","utilizar el correo"
"@Benyt","Benyt","Benefit","Nutzen","avantage","yarar","beneficio"
"@Beregnet beløb.","Beregnet beløb.","Calculated amounts.","Berechnete Mengen.","Les montants calculés.","Hesaplanan tutarlar.","importes calculados."
"@Beregnet felt med summen af de samlede beløb","Beregnet felt med summen af de samlede beløb","Calculated field with the sum of the total amount","Feld mit der Summe aus der Gesamtmenge berechnet","Champ calculé avec la somme du montant total","toplam miktarın toplamı ile hesaplanan alan","campo calculado con la suma de la cantidad total"
"@Beregnet felt: ialt","Beregnet felt: ialt","Calculated Field: total","Berechnete Feld: Gesamt","Champ Calculé: au total","Hesaplanan Alan: toplam","El campo calculado: Total"
"@Beskrivelse","Beskrivelse","Description","Beschreibung","description","tanım","descripción"
"@Betalings frist","Betalings frist","payment deadline","Zahlungsfrist","délai de paiement","ödeme tarihi","plazo de pago"
"@Betalings metode","Betalings metode","payment method","Zahlungsmethode","mode de paiement","ödeme yöntemi","método de pago"
"@Betingelser:","Betingelser:","conditions:","Bedingungen:","conditions:","Koşullar:","condiciones:"
"@Bevægelser og saldo for den konto, som er angivet ovenfor i Felt: Konto-kontrol. Er velegnet til afstemning med bank- og girokonti. ","Bevægelser og saldo for den konto, som er angivet ovenfor i Felt: Konto-kontrol. Er velegnet til afstemning med bank- og girokonti.","Movements and the balance of the account as set out above in Field: Account control. Suitable for reconciliation with the bank and giro accounts.","Bewegungen und der Saldo des Kontos, wie sie oben in Feld: Kontensteuerung. Geeignet für die Versöhnung mit der Bank und Girokonten.","Les mouvements et le solde du compte comme indiqué ci-dessus dans le champ: le contrôle de compte. Convient pour la réconciliation avec la banque et des comptes courants.","Hareketler ve Alanında yukarıda belirtildiği gibi hesap bakiyesi: Hesap kontrolü. banka ve ciro hesapları ile uzlaşma için uygundur.","Movimientos y el saldo de la cuenta en los términos indicados en el campo: el control de la cuenta. Adecuado para la reconciliación con el banco y cuentas corrientes."
"@Bilag.","Bilag.","Appendix.","Anhang.","Annexe.","Ek.","Anexo."
"@Bilagets dato, som automatisk sættes til dags dato, men kan ændres.","Bilagets dato, som automatisk sættes til dags dato, men kan ændres.","Annex date, which is automatically set to the current date, but can be changed.","Anhang Datum, das auf das aktuelle Datum automatisch eingestellt, kann aber geändert werden.","Annexe A ce jour, qui est automatiquement réglée à la date actuelle, mais peut être changé.","otomatik olarak geçerli tarih ayarlanır, ancak değiştirilebilir Ek tarihi.","fecha anexo, que se ajusta automáticamente a la fecha actual, pero se puede cambiar."
"@Bilags tekst","Bilags tekst","Annex text","Anhang Text","annexe texte","Ek metin","anexo texto"
"@Bilagsnummer tildeles automatisk og fortsættes fra sidst anvendte bilagsnummer fra samme bruger.","Bilagsnummer tildeles automatisk og fortsættes fra sidst anvendte bilagsnummer fra samme bruger.","Document Number assigned automatically and continues from last used document number from the same user.","Dokumentnummer automatisch vergeben und weiterhin der zuletzt verwendeten Belegnummer aus dem gleichen Benutzer.","Numéro du document attribué automatiquement et continue à partir de la dernière utilisation le numéro de document du même utilisateur.","Belge Numarası otomatik olarak atanır ve aynı kullanıcıdan son kullanılan belge numarasından devam eder.","Número de documento asigna automáticamente y continúa desde el último número usado del mismo usuario."
"@Bilagstekst er frivillig, men det er nyttigt senere at kunne se, hvad de enkelte posteringer drejer sig om.","Bilagstekst er frivillig, men det er nyttigt senere at kunne se, hvad de enkelte posteringer drejer sig om.","Annex Text is optional, but it is useful later to see what the individual items involved.","Anhang Dieser Text ist optional, aber es ist nützlich, später zu sehen, was die einzelnen Elemente beteiligt.","Annexe Texte est facultative, mais il est utile plus tard pour voir ce que les différents éléments impliqués.","Ek Metin isteğe bağlıdır, ancak bireysel öğeler dahil ne olduğunu görmek için daha sonra yararlıdır.","Anexo El texto es opcional, pero es útil más tarde para ver lo que los elementos individuales involucrados."
"@Bilagstekst","Bilagstekst","Annex Text","Anhang Text","annexe texte","Ek Metin","anexo Texto"
"@Blindgyde!","Blindgyde!","Dead end!","Dead end!","Dead end!","Çıkmaz!","callejón sin salida!"
"@Blå tekster med skyggeramme, ","Blå tekster med skyggeramme,","Blue texts with shadow frame,","Blaue Texte mit Schattenrahmen,","textes bleus avec cadre d'ombre,","Gölge çerçeveli mavi metinler,","textos azules con el marco de la sombra,"
"@Bravo:","Bravo:","Bravo:","Bravo:","Bravo:","Bravo:","Bravo:"
"@Browsere:","Browsere:","browsers:","Browser:","navigateurs:","tarayıcılar:","navegadores:"
"@Bruger...","Bruger...","User...","Benutzer ...","Utilisateur ...","Kullanıcı ...","Usuario ..."
"@Brugernavn","Brugernavn","user name","Benutzername","nom d'utilisateur","kullanıcı adı","nombre de usuario"
"@By","By","Town","Stadt","ville","şehir","ciudad"
"@CSS-demo","CSS-demo","CSS demo","CSS Demo","Démo du CSS","CSS demo","Demo CSS"
"@CSV-Export","CSV-Export","CSV Export","CSV-Export","CSV Export","CSV İhracat","exportación CSV"
"@CTRL Pil-taster","CTRL Pil-taster","CTRL Arrow keys","CTRL Pfeiltasten","CTRL touches fléchées","CTRL Ok tuşları","teclas CTRL Flecha"
"@CVR - Virksomheds ID","CVR - Virksomheds ID","CVR - Company ID","CVR - Unternehmens-ID","CVR - Société ID","CVR - Şirket Kimliği","CVR - ID de la empresa"
"@CVR","CVR","CVR","CVR","CVR","CVR","CVR"
"@D/K feltet benyttes i forbindelse med debitor- og kreditor posteringer. Er feltet tomt, betragtes det efterfølgende kontonummer som et Finans konto-nummer.","D/K feltet benyttes i forbindelse med debitor- og kreditor posteringer. Er feltet tomt, betragtes det efterfølgende kontonummer som et Finans konto-nummer.","D / K field used for customer and vendor transactions. Is the field blank, considered the following account number as a Financial account number.","D / K-Feld für Kunden- und Lieferantentransaktionen verwendet. Ist das Feld leer, als die folgende Kontonummer als Finanzkontonummer.","champ D / K utilisé pour les transactions client et fournisseur. Est-ce champ vide, considéré comme le numéro de compte suivant comme un numéro de compte financier.","D / K alan müşteri ve satıcı işlemleri için kullanılır. alan boştur, bir Mali hesap numarası olarak aşağıdaki hesap numarasını düşündü.","campo de D / K utiliza para las transacciones de los clientes y proveedores. Es el campo en blanco, considerado el siguiente número de cuenta como un número de cuenta financiera."
"@D/K","D/K","D / K","D / K","D / K","D / K","D / K"
"@DEBITOR","DEBITOR","DEBTORS","DEBTORS","DEBITEURS","borçlular","DEUDORES"
"@DEMO: Tabel med fastlåst kolonne-header og "rulle-vindue"","DEMO: Tabel med fastlåst kolonne-header og "rulle-vindue","DEMO: Table with fixed column header and "scroll window","DEMO: Tabelle mit festen Spaltenkopf und "Scroll-Fenster","DEMO: Tableau avec en-tête de colonne fixe et "fenêtre de défilement","DEMO: Sabit sütun başlığı ve "kaydırma pencere ile Masa","DEMO: Vector con el encabezado de la columna fija y "desplazamiento de ventana"
"@Database setup","Database setup","database setup","Datenbank-Setup","configuration de base de données","veritabanı Kur","configuración de base de datos"
"@Databasen er installeret","Databasen er installeret","The database is installed","Die Datenbank wird installiert","La base de données est installé","Veritabanı yüklü","se instala la base de datos"
"@Databasenavn","Databasenavn","database Name","Datenbank-Name","base de données Nom","veritabanı Adı","Nombre de base de datos"
"@Databaseserver","Databaseserver","database Server","Datenbank-Server","base de données du serveur","veritabanı Sunucu","la base de datos del servidor"
"@Dato","Dato","Date","Datum","date","tarih","fecha"
"@Datoen hvor ordren indgik","Datoen hvor ordren indgik","The date when the order entered","Der Zeitpunkt, wenn die Bestellung eingegeben","La date à laquelle l'ordre est entré","Sipariş Girilen tarih","La fecha en que el orden de ejecución"
"@Debet og Kredit-felterne er til kontonummeret på den konto, posteringen skal ske på.","Debet og Kredit-felterne er til kontonummeret på den konto, posteringen skal ske på.","Debit and Credit fields are the account number of the account, the transaction must be on.","Debit- und Kredit Felder die Kontonummer des Kontos sind, muss die Transaktion sein.","champs de débit et de crédit sont le numéro de compte du compte, la transaction doit être activé.","Borç ve Kredi alanlar hesabının hesap numarası olan, işlem olmalıdır.","campos de débito y de crédito son el número de cuenta de la cuenta, la transacción debe estar encendido."
"@Debet","Debet","Debit","Soll","débit","borç","débito"
"@Debitor-rapporter:","Debitor-rapporter:","Debtor reports:","Debtor Berichte:","rapports débiteurs:","Borçlu raporları:","informes deudores:"
"@Debitorgruppe","Debitorgruppe","debtor Group","Schuldner-Gruppe","débiteur Groupe","borçlu Grubu","Grupo deudor"
"@Der er ikke skriveadgang til kataloget:","Der er ikke skriveadgang til kataloget:","There is no write access to the catalog:","Es gibt keinen Schreibzugriff auf den Katalog:","Il n'y a pas d'accès en écriture au catalogue:","kataloğa hiçbir yazma erişimi yok:","No hay acceso de escritura en el catálogo:"
"@Der skal være skriveadgang til 3 mapper:","Der skal være skriveadgang til 3 mapper:","There must be write access to three folders:","Es muss Schreibzugriff auf drei Ordner sein:","Il doit y avoir un accès en écriture à trois dossiers:","Üç klasörlere yazma erişimi olmalıdır:","Debe haber acceso de escritura a tres carpetas:"
"@Det gøres ved at loggge ind med: ","Det gøres ved at loggge ind med:","This is done by loggge in with:","Dies wird durch loggge mit getan:","Cela se fait par loggge avec:","Bu ile loggge yapılır:","Esto se hace por loggge con:"
"@Dit SALDI-system er nu oprettet. Det første, du nu skal gøre, er at oprette et regnskab.","Dit SALDI-system er nu oprettet. Det første, du nu skal gøre, er at oprette et regnskab.","Your BALANCES system has been created. The first thing you have to do is create an account.","Ihr BALANCES System wurde erstellt. Das erste, was Sie tun müssen, ist ein Konto erstellen.","Votre système SOLDES a été créé. La première chose que vous avez à faire est de créer un compte.","Sizin AÇIKLAMALARI sistemi oluşturuldu. Yapmanız gereken ilk şey bir hesap oluşturmaktır.","Su sistema SALDOS ha sido creado. Lo primero que tiene que hacer es crear una cuenta."
"@Diverse:","Diverse:","Miscellaneous:","Sonstiges:","Divers:","Çeşitli:","Varios:"
"@E-mail","E-mail","Email","E-Mail","Email","E-posta","correo electrónico"
"@EAN - E-betalings ID","EAN - E-betalings ID","EAN - E-pay ID","EAN - E-Pay-ID","EAN - E-pay ID","EAN - E-ödemeli kimliği","EAN - E-pago ID"
"@EAN","EAN","EAN","EAN","EAN","EAN","EAN"
"@Efterkrav","Efterkrav","COD","COD","COD","COD","DQO"
"@Ekstrafelter:","Ekstrafelter:","Additional fields:","Zusätzliche Felder:","Champs supplémentaires:","Ek alanlar:","Los campos adicionales:"
"@Elektronisk fakturering","Elektronisk fakturering","electronic billing","elektronische Rechnungsstellung","la facturation électronique","elektronik fatura","facturación electrónica"
"@Elektronisk forsendelse","Elektronisk forsendelse","electronic transmission","elektronische Übertragung","transmission électronique","elektronik iletim","transmisión electrónica"
"@En Apatche webserver med PHP skal være i drift.","En Apatche webserver med PHP skal være i drift.","A Apatche web server with PHP should be in operation.","Ein Apatche Webserver mit PHP sollte in Betrieb sein.","Un serveur web avec PHP Apatche devrait être en fonctionnement.","PHP ile Apatche Web sunucusu işleminde olmalıdır.","Un servidor web con PHP Apatche debe estar en funcionamiento."
"@Enhed udfyldes automatisk","Enhed udfyldes automatisk","Unit automatically filled","Einheit automatisch ausgefüllt","Unité rempli automatiquement","Ünite otomatik olarak doldurulur","Unidad completa automáticamente"
"@Enhed","Enhed","Unit","Einheit","unité","birlik","unidad"
"@Enhedsbeskrivelse af mængden","Enhedsbeskrivelse af mængden","Device description of the amount","Gerätebeschreibung des Betrags","Description de l'appareil de la quantité","miktarın Cihaz tanımı","Descripción del equipo de la cantidad"
"@Enhedspris","Enhedspris","Unit price","Stückpreis","Prix ​​unitaire","birim fiyatı","precio por unidad"
"@Er Faktureret og låst","Er Faktureret og låst","Is Billed and locked","Ist Angekündigt und gesperrt","Est facturé et verrouillé","Faturalı ve kilitlenir","Se factura y bloqueado"
"@Erhverv","Erhverv","profession","Beruf","profession","meslek","profesión"
"@FILTER","FILTER","FILTER","FILTER","FILTER","FİLTRE","FILTRO"
"@FINANS","FINANS","FINANCIAL","FINANZ","FINANCIER","MALİ","FINANCIERA"
"@Fakt.nr.","Fakt.nr.","Fakt.nr.","Fakt.nr.","Fakt.nr.","Fakt.nr.","Fakt.nr."
"@Faktura By","Faktura By","invoice City","Rechnung der Stadt","facture Ville","fatura Şehir","factura City"
"@Faktura Dato","Faktura Dato","invoice Date","Rechnungsdatum","date de la facture","fatura tarihi","Fecha de la factura"
"@Faktura Land","Faktura Land","invoice Country","Rechnung Land","facture Pays","fatura Ülke","factura País"
"@Faktura Sted","Faktura Sted","invoice Place","Rechnung Platz","facture Lieu","fatura Yeri","Lugar factura"
"@Faktura adresse","Faktura adresse","invoice address","Rechnungsadresse","l'adresse de facturation","fatura adresi","dirección de facturación"
"@Faktura nr.","Faktura nr.","Invoice No.","Rechnung Nr","n ° de facture","Fatura No","Nº de factura"
"@Faktura postnr","Faktura postnr","invoice postcode","Rechnung Postleitzahl","code postal facture","fatura posta kodu","Código postal de la factura"
"@Faktura sum","Faktura sum","The invoice sum","Der Rechnungsbetrag","Le montant de la facture","fatura toplamı","El importe de la factura"
"@Fakturanr. benyttes i forbindelse med debitor- og kreditorposteringer.","Fakturanr. benyttes i forbindelse med debitor- og kreditorposteringer.","Invoice. used for customer and vendor transactions.","Rechnung. für Kunden- und Lieferantentransaktionen verwendet.","Facture. utilisé pour les transactions des clients et des fournisseurs.","Fatura. müşteri ve satıcı işlemleri için kullanılır.","Factura. utilizado para las transacciones de los clientes y proveedores."
"@Fakturer og udskriv til den under {Betingelser}, valgte udskriver!","Fakturer og udskriv til den under {Betingelser}, valgte udskriver!","Invoice and print to it under {Conditions}, selected print!","Rechnung und drucken, um es unter {AGB}, ausgewählte Druck!","Facture et impression sous {Conditions}, impression sélectionnée!","{Koşullar} altında kendisine fatura ve baskı, seçilen baskı!","Factura y la impresión que le confiere {} Condiciones, impresión seleccionado!"
"@Fakturerings dato","Fakturerings dato","billing date","Rechnungsdatum","date de facturation","fatura tarihi","fecha de facturación"
"@Faktureringssprog","Faktureringssprog","billing Language","Abrechnung Sprache","facturation Langue","fatura Dili","idioma de facturación"
"@Fakturér","Fakturér","Bill","Rechnung","projet de loi","fatura","proyecto de ley"
"@Fil i pdf-format","Fil i pdf-format","File in pdf format","Datei im PDF-Format","Fichier en format pdf","pdf formatında dosya","Archivo en formato PDF"
"@Fil import","Fil import","file import","Datei-Import","importation de fichiers","dosya alma","importación de archivos"
"@Firma navn","Firma navn","Company name","Firmenname","Nom de l'entreprise","Şirket adı","nombre de compañía"
"@Firmanavn","Firmanavn","Company Name","Name des Unternehmens","Nom de l'entreprise","Firma Adı","Nombre de la empresa"
"@Fjern denne kontakt person","Fjern denne kontakt person","Remove this contact person","Entfernen Sie diesen Ansprechpartner","Supprimer cette personne de contact","Bu ilgili kişi kaldır","Eliminar a esta persona de contacto"
"@For at udnytte alle udskrivnings faciliteter, skal serveren understøtte ekstra PDF/Grafik-programmer.","For at udnytte alle udskrivnings faciliteter, skal serveren understøtte ekstra PDF/Grafik-programmer.","To take advantage of all print facilities, the server must support additional PDF / Graphics programs.","Um die Vorteile der alle Druckeinrichtungen, muss der Server zusätzliche PDF / Grafik-Programme unterstützen.","Pour profiter de toutes les installations d'impression, le serveur doit prendre en charge des programmes supplémentaires PDF / Graphiques.","Tüm yazdırma olanaklardan yararlanmak için, sunucu ek PDF / Grafik programlarını desteklemesi gerekir.","Para aprovechar las ventajas de todas las instalaciones de impresión, el servidor debe ser compatible con los programas de noticias / gráficos adicionales."
"@Forlad SALDI","Forlad SALDI","Leave BALANCES","Lassen Sie BALANCES","Laissez SOLDES","DEĞERLER bırakın","Deja SALDOS"
"@Formål:","Formål:","Purpose:","Zweck:","but:","amaç:","finalidad:"
"@Fortsæt til logind og oprettelse af 1. regnskab","Fortsæt til logind og oprettelse af 1. regnskab","Proceed to login and establishment of the first accounting","Fahren Sie mit Login und Einrichtung des ersten Rechnungs","Passez à ouvrir une session et à l'établissement de la première comptabilité","giriş ve birinci muhasebe kurulması geçin","Proceder a la conexión y establecimiento de la primera contabilidad"
"@Fortsæt","Fortsæt","continue","fortsetzen","continuer","devam etmek","continuar"
"@Forud","Forud","prior","vor","avant","önce","anterior"
"@Fra Dato","Fra Dato","By date","von Datum","depuis la date","tarihi","Fecha de"
"@Fragtmetode)","Fragtmetode)","Shipping Method)","Liefer-Methode)","Méthode d'expédition)","Nakliye Yöntemi)","Método de envío)"
"@Få tilsendt mail angående resat password","Få tilsendt mail angående resat password","Receive e-mail regarding reset password","Empfangen von E-Mail in Bezug auf Passwort zurücksetzen","Recevez un e-mail au sujet de réinitialisation","Sıfırlama parola ile ilgili e-posta almak","Recibir correo electrónico de restablecimiento de contraseña con respecto"
"@Før installation","Før installation","before installation","vor der Installation","avant l'installation","kurulumdan önce","antes de la instalación"
"@Gem data i denne rude.","Gem data i denne rude.","Save data in this pane.","Speichern von Daten in diesem Bereich.","Enregistrer les données dans ce volet.","Bu bölmede verileri kaydetmek.","Guardar los datos en este panel."
"@Gem evt. rettelser ovenfor","Gem evt. rettelser ovenfor","Save your work. corrections above","Speichern Sie Ihre Arbeit. Korrekturen, die oben","Enregistrez votre travail. corrections ci-dessus","Çalışmanızı kaydedin. yukarıdaki düzeltmeler","Guarde su trabajo. correcciones anteriores"
"@Gem rettelser","Gem rettelser","Save corrections","speichern Korrekturen","Enregistrer corrections","düzeltmeleri kaydet","guardar correcciones"
"@Gem","Gem","Save","Speichern","Sauvegarder","Kaydet","Guardar"
"@Genfakturerings Dato","Genfakturerings Dato","Genfakturerings Date","Genfakturerings Datum","Genfakturerings date","Genfakturerings tarihi","Fecha Genfakturerings"
"@Gentag SALDI-administratorens adgangskode","Gentag SALDI-administratorens adgangskode","Repeat BALANCES administrator password","Wiederholen Sie BALANCES Administrator-Passwort","Répéter SOLDES mot de passe administrateur","Tekrarlayın BORÇLAR yönetici parolası","Repita SALDOS contraseña de administrador"
"@Gentag...","Gentag...","Repeat ...","Wiederholen Sie ...","Répétez ...","Tekrarlama ...","Repetir ..."
"@Glemt adgangskode?","Glemt adgangskode?","Forgot password?","Passwort vergessen?","Mot de passe oublié?","Parolanızı unuttunuz mu?","¿Olvidó su contraseña?"
"@Godkend alt","Godkend alt","Approve all","genehmigen alle","Approuver tous","Tümünü onayla","aprobar todos"
"@Godkendt","Godkendt","approved","genehmigt","approuvé","onaylı","aprobado"
"@Gå et niveau op","Gå et niveau op","Go up one level","Gehen Sie eine Ebene nach oben","Remonter d'un niveau","bir düzey yukarı gitmek","Subir un nivel"
"@Gå til ?","Gå til ?","Go to ?","Zum?","Aller à?","git","Ir a?"
"@Gå til menuen Debitor Konti","Gå til menuen Debitor Konti","Go to the Debtor Accounts","Gehen Sie zu den Debitorenkonten","Allez dans les comptes débiteurs","Borçlu Hesaplar git","Ir a las cuentas de deudores"
"@Gå til menuen Debitor Ordrer","Gå til menuen Debitor Ordrer","Go to the Customer Orders","Gehen Sie auf die Kundenaufträge","Aller aux commandes des clients","Müşteri Siparişleri git","Ir a los pedidos de clientes"
"@Gå til menuen Debitor Rapporter","Gå til menuen Debitor Rapporter","Go to the Accounts Receivable Reports","Gehen Sie auf die Debitoren Berichte","Aller aux rapports Débiteurs","Alacak Hesapları Raporlar git","Ir a los informes de cuentas por cobrar"
"@Gå til menuen Finans Rapporter","Gå til menuen Finans Rapporter","Go to menu Financial Reports","Zum Menü Finanzberichte","Aller au menu Rapports financiers","Menü Finansal Raporlar git","Ir al menú de Reportes Financieros"
"@Gå til menuen Indstillinger","Gå til menuen Indstillinger","Go to the Settings menu","Gehen Sie zum Menü Einstellungen","Allez dans le menu Paramètres","Ayarlar menüsüne gidin","Ir al menú de configuración"
"@Gå til menuen Kassekladder","Gå til menuen Kassekladder","Go to the day books","Gehen Sie zu den Tag Bücher","Allez dans les livres de jour","gün kitaplara git","Ir a los libros diarios"
"@Gå til menuen Kontoplan","Gå til menuen Kontoplan","Go to the Account Plan","Gehen Sie auf die Account Plan","Accédez au plan de compte","Hesap Planı git","Ir al plan de cuenta"
"@Gå til menuen Kreditor Konti","Gå til menuen Kreditor Konti","Go to the Accounts Payable","Gehen Sie zu den Kreditoren","Allez dans les comptes créditeurs","Borç Hesapları git","Ir a las cuentas por pagar"
"@Gå til menuen Kreditor Ordrer","Gå til menuen Kreditor Ordrer","Go to the Creditor Orders","Gehen Sie auf die Creditor Bestellungen","Allez à l'ordre des créanciers","Alacaklı Siparişleri git","Ir a los pedidos de los acreedores"
"@Gå til menuen Kreditor Rapporter","Gå til menuen Kreditor Rapporter","Go to the Accounts Payable Reports","Gehen Sie zu den Kreditoren Berichte","Accédez aux Comptes créditeurs Rapports","Borç Hesapları Raporlar git","Ir a los reportes de cuentas por pagar"
"@Gå til menuen Produktion","Gå til menuen Produktion","Go to menu Production","Zum Menü Produktion","Aller au menu de production","Menü Üretim git","Ir al menú de Producción"
"@Gå til menuen Regnskab","Gå til menuen Regnskab","Go to the Accounts","Gehen Sie auf die Konten","Accédez aux comptes","Hesaplar git","Ir a las cuentas"
"@Gå til menuen Sikkerhedskopi","Gå til menuen Sikkerhedskopi","Go to the Backup","Gehen Sie auf die Sicherung","Allez à la sauvegarde","Yedekleme git","Ir a la copia de seguridad"
"@Gå til menuen Vare Rapporter","Gå til menuen Vare Rapporter","Go to Menu Item Reports","Zum Menüpunkt Berichte","Accédez au menu Rapports de l'article","Menü Öğesi Raporlar git","Ir al Menú Informes Elemento"
"@Gå til menuen Varemodtagelse","Gå til menuen Varemodtagelse","Go to the Goods Receipt","Gehen Sie auf die Wareneingang","Aller à l'entrée de marchandises","Ürünler Makbuz git","Ir a la entrada de mercancías"
"@Gå til menuen Varer","Gå til menuen Varer","Go to Menu Items","Zum Menüpunkte","Accédez au menu Articles","Menü Öğelerinin git","Ir a los elementos de menú"
"@Gå videre til SALDI regnskabet","Gå videre til SALDI regnskabet","Skip to BALANCES accounts","Weiter zu den BALANCES Konten","Passer aux comptes SOLDES","BORÇLAR hesaplarına atla","Saltar a los saldos de cuentas"
"@Handling:","Handling:","Action:","Aktion:","l'action:","eylem:","acción:"
"@Hjemmeside","Hjemmeside","website","Webseite","site Web","web sitesi","sitio web"
"@Hold musen over blå tekster, for at få hjælpetip.","Hold musen over blå tekster, for at få hjælpetip.","Hold your mouse over the blue texts to help tips.","Halten Sie die Maus über die blauen Texte Tipps zu helfen.","Tenez votre souris sur les textes bleus pour aider des conseils.","ipuçları yardımcı olmak için mavi metinler üzerinde fareyi tutun.","Mantenga el ratón sobre el texto azul para ayudar a los consejos."
"@Hold musen over","Hold musen over","Hover over","Bewegen Sie den Mauszeiger über","Survolez","üzerine gelin","Pase el ratón sobre"
"@Husk dem","Husk dem","Remember them","Denken sie daran, sie","Rappelez-vous les","onları hatırlamak","recordarlos"
"@Husk fremtidigt fakturerings tidspunkt","Husk fremtidigt fakturerings tidspunkt","Remember future billing time","Denken Sie daran, zukünftige Abrechnungszeit","Rappelez-vous l'avenir du temps de facturation","Gelecekteki faturalandırma zamanı hatırla","Recuerde que el tiempo futuro de facturación"
"@Hvilket sprog vil du indstille programmet til (Virker ikke endnu)","Hvilket sprog vil du indstille programmet til (Virker ikke endnu)","What language would you set the program (Does not work yet)","Welche Sprache würden Sie das Programm gesetzt (noch nicht funktioniert)","Quelle langue voulez-vous définir le programme (ne fonctionne pas encore)","Eğer programı ayarlayabilirsiniz hangi dili (henüz çalışmıyor mu)","¿Qué idioma desea configurar el programa (no funciona todavía)"
"@Hvor lang frist er der til betaling","Hvor lang frist er der til betaling","How much time is there for payment","Wie viel Zeit ist es für die Zahlung","Combien de temps est-il pour le paiement","Ödeme için ne kadar zaman var","¿Cuánto tiempo está ahí para el pago"
"@Hvordan skal der betales","Hvordan skal der betales","How to be paid","Wie bezahlt werden","Comment payer","Nasıl ödenecek","Cómo ser pagado"
"@Ialt","Ialt","Total","gesamt","total","toplam","total"
"@Ikke afsluttet","Ikke afsluttet","not completed","nicht abgeschlossen","pas achevé","tamamlanmadı","no se ha completado"
"@Ikke afsluttet. Kan stadig rettes.","Ikke afsluttet. Kan stadig rettes.","Not completed. Can still be addressed.","Nicht abgeschlossen. Kann immer noch angesprochen werden.","Non terminé. Peut encore être abordées.","tamamlanmadı. Hala ele alınabilir.","No se ha completado. Todavía puede ser abordado."
"@Indstillinger","Indstillinger","Settings","Einstellungen","Réglages","Ayarlar","ajustes"
"@Indtastning af salgs ordre poster - `Varelinier`:","Indtastning af salgs ordre poster - `Varelinier`:","Entering sales order items - `Varelinier`:","Eingeben von Kundenauftragspositionen - `Varelinier`:","Saisie des éléments de commande client - `Varelinier`:","satış sipariş öğeleri girme - `Varelinier`:","Introducción de posiciones de documento comercial - `Varelinier`:"
"@Installation fejler!","Installation fejler!","Installation fails!","Die Installation schlägt fehl!","L'installation échoue!","Kurulum başarısız!","La instalación falla!"
"@Installér","Installér","Install","installieren","installer","kurmak","instalar"
"@Institution","Institution","Institution","Institution","institution","kurum","institución"
"@Introduktion:","Introduktion:","Introducing:","Einführung:","Présentation:","Tanıtımı:","Presentación de:"
"@KREDITOR","KREDITOR","CREDITOR","GLÄUBIGER","CRÉANCIERS","ALACAKLI","ACREEDOR"
"@Kasse kladder","Kasse kladder","Cash journals","Cash-Journale","revues de trésorerie","nakit dergiler","libros de caja"
"@Kassekladde:","Kassekladde:","Journal Entry:","Journal Entry:","Journal d'entrée:","Dergi Giriş:","Entrada de diario:"
"@Kladde notat:","Kladde notat:","Draft note:","Entwurf Anmerkung:","Projet de note:","Taslak notu:","Proyecto de nota:"
"@Klik her for at oprette dit SALDI database-system","Klik her for at oprette dit SALDI database-system","Click here to create your BALANCES database system","Klicken Sie hier, um Ihre BALANCES Datenbanksystem erstellen","Cliquez ici pour créer votre système de base de données SOLDES","senin AÇIKLAMALARI veritabanı sistemi oluşturmak için buraya tıklayın","Haga clic aquí para crear su sistema de base de datos SALDOS"
"@Kol0","Kol0","Kol0","Kol0","Kol0","Kol0","Kol0"
"@Kol1","Kol1","Kol1","Kol1","KOL1","Kol1","Kol1"
"@Kol2","Kol2","Kol2","Kol2","Kol2","Kol2","Kol2"
"@Kolonne Overskrift","Kolonne Overskrift","column Header","Spaltenüberschrift","colonne en-tête","sütun Üstbilgi","columna de cabecera"
"@Kontakt info:","Kontakt info:","Contact info:","Kontakt:","Contact:","İletişim bilgileri:","Información de contacto:"
"@Kontakt person","Kontakt person","Contact person","Ansprechpartner","personne à contacter","İlgili kişi","persona de contacto"
"@Kontakt","Kontakt","switch","Schalter","interrupteur","anahtar","conmutador"
"@Kontaktperson","Kontaktperson","contact","Kontakt","contact","temas","contacto"
"@Kontant","Kontant","cash","Bargeld","argent","nakit","efectivo"
"@Konti - Debitorer:","Konti - Debitorer:","Accounts - Debtors:","Konten - Forderungen:","Comptes débiteurs -:","Hesaplar - borçlular:","Cuentas - Títulos de crédito"
"@Konti - Kreditorer:","Konti - Kreditorer:","Accounts - Creditors:","Konten - Kreditoren:","Comptes - créanciers:","Hesaplar - Alacaklılar:","- Cuentas de Acreedores"
"@Konti","Konti","accounts","Konten","comptes","hesapları","cuentas"
"@Konto kort","Konto kort","account card","Kontokarte","compte carte","hesap kartı","tarjeta de la cuenta"
"@Konto nr.","Konto nr.","Account no.","Konto-Nr.","N ° de compte.","Hiçbir Hesap.","Nº de cuenta."
"@Konto plan","Konto plan","account plan","Account-Plan","plan de compte","hesap planı","plan de cuentas"
"@Konto saldo","Konto saldo","account balance","Kontostand","solde du compte","hesap bakiyesi","saldo de la cuenta"
"@Konto","Konto","Account","Konto","compte","hesap","cuenta"
"@Konto-kontrol:","Konto-kontrol:","Account control:","Kontensteuerung:","Contrôle de compte:","Hesap kontrolü:","el control de la cuenta:"
"@Konto-saldo","Konto-saldo","Account Balance","Kontostand","Solde du compte","hesap Bakiyesi","Saldo de la cuenta"
"@Kontonr.","Kontonr.","Account no.","Konto-Nr.","N ° de compte.","Hiçbir Hesap.","Nº de cuenta."
"@Kontrollèr Administrators Passwords","Kontrollèr Administrators Passwords","Check Administrator Passwords","Überprüfen Sie Administrator Passwörter","Vérifiez mot de passe administrateur","Yönetici Şifreleri Kontrol","Compruebe Administrador de Contraseñas"
"@Kredit","Kredit","Credit","Kredit","crédit","kredi","crédito"
"@Kreditkort","Kreditkort","Credit cards","Kreditkarten","Cartes de crédit","kredi kartları","Las tarjetas de crédito"
"@Kreditor-rapporter:","Kreditor-rapporter:","The creditor reports:","Die Gläubigerberichte:","Les rapports des créanciers:","alacaklı raporları:","Los informes de los acreedores:"
"@Kunde / Fakturering:","Kunde / Fakturering:","Customer / Billing:","Kunde / Abrechnung:","Client / Facturation:","Müşteri / Fatura:","Cliente / facturación:"
"@Kunde kategori","Kunde kategori","customer category","Kundenkategorie","catégorie de clients","müşteri kategorisi","categoría de clientes"
"@Kunde navn","Kunde navn","Company name","Firmenname","Nom de l'entreprise","Şirket adı","nombre de compañía"
"@Kunde ordre","Kunde ordre","customer order","Kundenauftrag","commande client","müşteri siparişi","pedido del cliente"
"@Kundeansvarlig","Kundeansvarlig","customer Responsible","Kunden Verantwortlich","responsable client","Sorumlu müşteri","Responsable del cliente"
"@Kunden (debitor):","Kunden (debitor):","The customer (debtor):","Der Kunde (Schuldner):","Le client (débiteur):","Müşteri (borçlu):","El cliente (deudor):"
"@Kundenr.","Kundenr.","Customer.","Kunden.","Client.","Müşteri.","Cliente."
"@Kundenr: Kan ikke rettes. Systemet styrer dette","Kundenr: Kan ikke rettes. Systemet styrer dette","Customer: Can not corrected. The system manages this","Kunde: Kann nicht korrigiert. Das System verwaltet diese","Client: Vous ne pouvez pas corriger. Le système gère ce","Müşteri: düzeltilmiş olamaz. Sistem bu yönetir","Cliente: No se puede corregir. El sistema gestiona este"
"@Kundens Email adresse","Kundens Email adresse","Customer Email","Kunden per E-Mail","client Email","Müşteri E-posta","cliente de correo electrónico"
"@Kundens hjemmeside","Kundens hjemmeside","Customer website","Kundenwebsite","site client","Müşteri web sitesi","página web del cliente"
"@Kundens referance","Kundens referance","Customer referance","Kunden referance","referance client","Müşteri referans","referance cliente"
"@Kundetype","Kundetype","customer type","Kundentyp","type de client","müşteri tipi","tipo de cliente"
"@Købs statistik","Købs statistik","purchase statistics","Einkaufsstatistiken","les statistiques d'achat","satın alma istatistikleri","estadísticas de compra"
"@LAGER","LAGER","STOCK","STOCK","STOCK","STOK","STOCK"
"@Lev. dato","Lev. dato","delivery date","Lev. Datum","Lev. Date de","Lev. Tarihi","Lev. Fecha"
"@Leverance beskrivlse","Leverance beskrivlse","delivery beskrivlse","Lieferung beskrivlse","livraison beskrivlse","teslimat beskrivlse","beskrivlse entrega"
"@Leverandørnr.","Leverandørnr.","Supplier number.","Lieferantennummer.","numéro de fournisseur.","Tedarikçi numarası.","número de proveedor."
"@Leveres til","Leveres til","Delivered to","Verfügbar für","Disponible pour","için kullanılabilir","disponible para"
"@Levering til faktura-adresse","Levering til faktura-adresse","Delivery to the invoice address","Lieferung an die Rechnungsadresse","Livraison à l'adresse de facturation","Fatura adresinize teslim","La entrega a la dirección de facturación"
"@Levering:","Levering:","Delivery:","Lieferung:","Livraison:","Teslimat:","entrega:"
"@Leverings Dato","Leverings Dato","delivery Date","Liefertermin","date de livraison","teslimat tarihi","Fecha de entrega"
"@Leverings Land","Leverings Land","delivery Country","Lieferland","Pays de livraison","teslimat Ülke","país de entrega"
"@Leverings adresse","Leverings adresse","delivery address","Lieferadresse","adresse de livraison","teslimat adresi","dirección de entrega"
"@Leverings by","Leverings by","delivery city","Lieferung Stadt","livraison ville","teslimat şehir","la ciudad la entrega"
"@Leverings postnr","Leverings postnr","delivery postcode","Lieferung Postleitzahl","livraison code postal","teslimat posta kodu","Código postal de entrega"
"@Linie ialt","Linie ialt","line total","Zeilensumme","total de la ligne","hat toplam","total de la línea"
"@Log ind","Log ind","sign in","einloggen","Connectez-vous","login","iniciar la sesión"
"@Log ud","Log ud","log out","ausloggen","Déconnexion","Oturumu","finalizar la sesión"
"@Login","Login","Log in","einloggen","Connectez-vous","login","iniciar la sesión"
"@Logind til","Logind til","Login to","Loggen Sie sich in","Connectez-vous pour","giriş yapın","Inicia sesión para"
"@Luk og gå et niveau op","Luk og gå et niveau op","Close and go up a level","Schließen Sie und ein Niveau steigen","Fermez et aller jusqu'à un niveau","Kapatın ve bir seviye yukarı gitmek","Cerrar y subir un nivel"
"@Luk og gå til hoved-menu","Luk og gå til hoved-menu","Close and go to the main menu","Schließen Sie und gehen Sie in das Hauptmenü","Fermez et allez dans le menu principal","Kapatın ve ana menüye gitmek","Cierre e ir al menú principal"
"@Mail bilag","Mail bilag","mail Annex","Mail-Anhang","courrier annexe","posta Ek","anexo electrónico"
"@Mail emne","Mail emne","mail topic","Mail Thema","Sujet mail","posta konu","tema electrónico"
"@Mail faktura:","Mail faktura:","Mail Invoice:","Mail-Rechnung:","Courrier facture:","Posta Fatura:","Factura por correo:"
"@Mail tekst","Mail tekst","mail text","Mail-Text","texte mail","posta metni","texto del correo electrónico"
"@Manual og anden hjælp finder du på SALDI-wiki","Manual og anden hjælp finder du på SALDI-wiki","Manual and other help, see BALANCES wiki","Manuelle und andere Informationen finden Sie BALANCES wiki","Manuel et d'autres informations, voir SOLDES wiki","Manuel ve diğer yardım, DEĞERLER wiki bakın","Manual y otro tipo de ayuda, ver SALDOS wiki"
"@Mobil","Mobil","Mobile phone","mobil","mobile","hareketli","móvil"
"@Modt.dato","Modt.dato","Modt.dato","Modt.dato","Modt.dato","Modt.dato","Modt.dato"
"@Modt.nr.","Modt.nr.","Modt.nr.","Modt.nr.","Modt.nr.","Modt.nr.","Modt.nr."
"@Modtager navn","Modtager navn","Receiver name","Empfänger-Name","nom du destinataire","Alıcı adı","nombre del receptor"
"@Modtagerens Email adresse","Modtagerens Email adresse","Recipient's Email","Empfänger E-Mail an","Courriel du destinataire","Alıcının E-Posta","Correo electrónico del destinatario"
"@Moms %-sats for den posterede leverance","Moms %-sats for den posterede leverance","VAT% rate for the posted delivery","MwSt% Preis für die gebuchte Lieferung","TVA taux% pour la livraison posté","haberi teslimat için KDV% oranı","IVA% para la entrega publicado"
"@Moms%","Moms%","VAT%","MwSt%","TVA%","KDV%","IVA%"
"@Momssats for ydelsen","Momssats for ydelsen","VAT rate for the service","Mehrwertsteuersatz für den Service","taux de TVA pour le service","hizmet için KDV oranı","tipo del IVA para el servicio"
"@MySQL findes.","MySQL findes.","MySQL is available.","MySQL ist verfügbar.","MySQL est disponible.","MySQL kullanılabilir.","MySQL está disponible."
"@Mængden af den aktuelle leverance.","Mængden af den aktuelle leverance.","The amount of the current supply.","Die Höhe der Stromversorgung.","Le montant de l'offre actuelle.","akım kaynağı miktarı.","La cantidad de la alimentación de corriente."
"@Navigation:","Navigation:","Navigation:","Navigation:","Navigation:","navigasyon:","navegación:"
"@Navn på en bruger, som i forvejen har tilladelse til at oprette, rette og slette databaser. ","Navn på en bruger, som i forvejen har tilladelse til at oprette, rette og slette databaser.","Name of a user who already has permission to create, edit and delete databases.","Name eines Benutzers, der bereits die Erlaubnis hat zu erstellen, zu bearbeiten und zu löschen Datenbanken.","Nom d'un utilisateur qui a déjà l'autorisation de créer, modifier et supprimer des bases de données.","Zaten veritabanları oluşturmak, düzenlemek ve silmek için izni olan bir kullanıcı adı.","Nombre de un usuario que ya tiene permiso para crear, editar y eliminar bases de datos."
"@Navn","Navn","Name","Name","nom","isim","nombre"
"@Nota:","Nota:","Nota:","Nota:","Nota:","Nota:","Nota:"
"@Noter til fragtmand","Noter til fragtmand","Notes to the carrier","Erläuterungen zur Träger","Notes sur le support","taşıyıcı Notlar","Notas para el portador"
"@Når ordren er faktureret, afmærkes feltet automatisk","Når ordren er faktureret, afmærkes feltet automatisk","When the order is billed, marked box automatically","Wenn die Bestellung in Rechnung gestellt wird, markiert Box automatisch","Lorsque la commande est facturée, boîte marquée automatiquement","Sipariş fatura edildiğinde, otomatik kutu işaretli","Cuando el pedido se factura, caja marcada de forma automática"
"@Nødvendig forberedelse:","Nødvendig forberedelse:","Necessary preparation:","Notwendige Vorbereitung:","préparation nécessaire:","Gerekli hazırlığı:","preparación necesaria:"
"@OIOUBL","OIOUBL","OIOUBL","OIOUBL","OIOUBL","OIOUBL","OIOUBL"
"@Opret Ny","Opret Ny","Create new","Neu erstellen","Créer un nouveau","Yeni oluştur","crear nuevo"
"@Opret en ny kontakt","Opret en ny kontakt","Create a new contact","Erstellen Sie einen neuen Kontakt","Créer un nouveau contact","Yeni bir kartvizit oluşturma","Crear un nuevo contacto"
"@Opret ny","Opret ny","Create new","erstellen Sie neue","Créer un nouveau","yeni oluştur","crear nueva"
"@Oprettelse af regnskab, sker senere, når du 1. gang logger ind, som SALDI-administrator.","Oprettelse af regnskab, sker senere, når du 1. gang logger ind, som SALDI-administrator.","Creating accounts, occurs later, when you first log into that BALANCES administrator.","Erstellen von Konten, tritt später, als Sie zum ersten Mal melden Sie sich, dass Administrator ausgleicht.","Création de comptes, se produit plus tard, lorsque vous vous connectez d'abord en équilibrant administrateur.","Bu yönetici BALANCES içine ilk oturum açtığınızda hesapları oluşturmak, daha sonra ortaya çıkar.","La creación de cuentas, se produce más tarde, la primera vez que inicia sesión en que los saldos administrador."
"@Ordre Dato","Ordre Dato","order Date","Bestelldatum","date de l'ordre","sipariş tarihi","Fecha fin"
"@Ordre Felt 1","Ordre Felt 1","Order Field 1","Bestellen Sie Feld 1","Ordre des champs 1","Sipariş Alan 1","Orden de los campos 1"
"@Ordre Felt 2","Ordre Felt 2","Order Field 2","Bestellen Sie Feld 2","Ordre des champs 2","Sipariş Alan 2","Orden de los campos 2"
"@Ordre Felt 3","Ordre Felt 3","Order Field 3","Bestellen Sie Feld 3","Ordre des champs 3","Sipariş Alan 3","Orden de los campos 3"
"@Ordre Felt 4","Ordre Felt 4","Order Field 4","Bestellen Sie Feld 4","Ordre des champs 4","Sipariş Alan 4","Orden de los campos 4"
"@Ordre Felt 5","Ordre Felt 5","Order Field 5","Bestellen Sie Feld 5","Ordre des champs 5","Sipariş Alan 5","Orden de los campos 5"
"@Ordre dato","Ordre dato","The order date","Die Bestelldatum","La date de commande","sipariş tarihi","La fecha de la orden"
"@Ordre nr.","Ordre nr.","Order no.","Bestell-Nr.","N ° de commande.","Sipariş no.","N.º de pedido."
"@Ordre sum","Ordre sum","The order sum","Die Auftragssumme","La somme de l'ordre","sipariş toplamı","La suma de encargo"
"@Ordreinfo:","Ordreinfo:","Order Info:","Bestell-Info:","Informations de commande:","Sipariş Bilgileri:","Información del pedido:"
"@Ordren er godkendt hvis feltet er afmærket","Ordren er godkendt hvis feltet er afmærket","The order is accepted if the field is marked","Der Auftrag wird angenommen, wenn das Feld markiert ist","La commande est acceptée si le champ est marqué","alan işaretli ise sipariş kabul edilir","El orden es aceptada si el campo está marcado"
"@Ordrer","Ordrer","orders","Aufträge","ordres","emir","pedidos"
"@Ordrer: Debitorer - `Kundeordrer`:","Ordrer: Debitorer - `Kundeordrer`:","Orders Debtors - `Kundeordrer`:","Bestellungen Schuldnern - `Kundeordrer`:","Ordres débiteurs - `Kundeordrer`:","Siparişler Borçlu - `Kundeordrer`:","Ordenes Deudores - `Kundeordrer`:"
"@Ordrer: Kreditorer - `Leverandørordrer`:","Ordrer: Kreditorer - `Leverandørordrer`:","Orders: Accounts payable - `Leverandørordrer`:","Bestellungen: Verbindlichkeiten - `Leverandørordrer`:","Ordres: Comptes créditeurs - `Leverandørordrer`:","Siparişler: Ticari borçlar - `Leverandørordrer`:","Pedidos: Cuentas por pagar - `Leverandørordrer`:"
"@PBS faktura","PBS faktura","PBS invoice","PBS Rechnung","PBS facture","PBS fatura","factura PBS"
"@PBS","PBS","PBS","PBS","PBS","PBS","PBS"
"@PDF-fil","PDF-fil","PDF file","PDF-Datei","fichier PDF","PDF dosyası","archivo PDF"
"@PRODUKTION","PRODUKTION","PRODUCTION","PRODUKTION","PRODUCTION","ÜRETİM","PRODUCCIÓN"
"@Pakken med SALDI-filer, udpakkes i et arbejdskatalog med adgang for webbesøgende.","Pakken med SALDI-filer, udpakkes i et arbejdskatalog med adgang for webbesøgende.","The package of BALANCES files are unpacked into a working directory accessible Web visitor.","Das Paket von BALANCES Dateien werden in ein Arbeitsverzeichnis zugänglich Webbesuchers entpackt.","L'ensemble des fichiers SOLDES sont décompressées dans le répertoire de travail visiteur Web accessible.","BORÇLAR dosyaların paketi çalışma dizini erişilebilir Web ziyaretçi içine unpacked edilir.","El paquete de archivos de saldos se descomprime en un directorio de trabajo visitante web accesible."
"@Password...","Password...","Password ...","Kennwort ...","Mot de passe ...","Şifre ...","Contraseña ..."
"@Pos.","Pos.","Pos.","Pos.","Pos.","Pos.","Pos."
"@Position styrer rækkefølgen af posterne","Position styrer rækkefølgen af posterne","Position controls the order of the items","Position steuert die Reihenfolge der Elemente","Position contrôle l'ordre des éléments","Pozisyon öğelerinin sırasını kontrol","Posición controla el orden de los elementos"
"@Position tildeles automatisk.","Position tildeles automatisk.","Position assigned automatically.","Position automatisch zugewiesen.","Position attribuée automatiquement.","Pozisyon otomatik olarak atanır.","Posición asigna automáticamente."
"@Post nr","Post nr","ZIP code","Beitrag Nr","poste No.","sonrası No","Nº de post"
"@Postgres findes.","Postgres findes.","Postgres found.","Postgres gefunden.","Postgres trouvé.","Postgres bulundu.","Postgres encontrados."
"@Postnr","Postnr","ZIP code","Postleitzahl","Code postal","posta kodu","código postal"
"@Pris","Pris","Price","Preis","prix","fiyat","precio"
"@Privat","Privat","Private","privat","privé","özel","privado"
"@Problem:","Problem:","Problem:","Problem:","problème:","sorun:","problema:"
"@Produktion","Produktion","Production","Herstellung","fabrication","üretim","fabricación"
"@Program sprog","Program sprog","program language","Programmsprache","langage de programmation","Program dili","lenguaje de programación"
"@På SALDI-wiki kan du læse opdaterede informationer.","På SALDI-wiki kan du læse opdaterede informationer.","On BALANCES wiki you can read updated information.","Auf BALANCES Wiki Sie aktuelle Informationen lesen können.","Sur SOLDES wiki, vous pouvez lire des informations à jour.","DENGELERİNİN sitesinde güncel bilgileri okuyabilirsiniz wiki.","En las balanzas wiki se puede leer la información actualizada."
"@På serveren skal være installeret en af databaseserverne PostgreSQL eller MySQL/MariaDB.","På serveren skal være installeret en af databaseserverne PostgreSQL eller MySQL/MariaDB.","On the server must be installed one of the database servers PostgreSQL or MySQL / MariaDB.","Auf dem Server muss eine der Datenbankserver PostgreSQL oder MySQL / MariaDB installiert werden.","Sur le serveur doit être installé l'un des serveurs PostgreSQL base de données ou MySQL / MariaDB.","sunucuda veritabanı sunucuları PostgreSQL veya MySQL / mariadb biri yüklü olmalıdır.","En el servidor se debe instalar una de las bases de datos PostgreSQL servidores o MySQL / MariaDB."
"@Rabat%","Rabat%","Discount%","Rabatt%","de réduction%","indirim%","descuento%"
"@Rabatsats i %.","Rabatsats i %.","Discount rate%.","Diskontierungssatz%.","Taux d'actualisation%.","İskonto oranı%.","tasa de descuento%."
"@Rapport for Top 100","Rapport for Top 100","Report Top 100","Bericht Top 100","Rapport Top 100","Rapor Top-100","El TOP 100"
"@Rapport for debitor Salgs statistik","Rapport for debitor Salgs statistik","Report debtor Sales Stats","Bericht Schuldner Verkaufsstatistik","Rapport débiteur Statistiques Ventes","Rapor borçlu Satış İstatistikleri","Informe deudor de venta Estadísticas"
"@Rapport for debitor konto kort","Rapport for debitor konto kort","Report for customer account cards","Bericht für Kundenkarten","Rapport pour compte client cartes","Müşteri hesap kartları için Raporu","Informe de cuentas de clientes de tarjetas"
"@Rapport for debitor konto saldo","Rapport for debitor konto saldo","Report debtor account balance","Bericht Schuldner Kontostand","Rapport solde du compte débiteur","Rapor borçlu hesap bakiyesi","Informe saldo de la cuenta del deudor"
"@Rapport for debitor åbne poster","Rapport for debitor åbne poster","Report debtor open items","Bericht Schuldner offene Posten","Rapport débiteurs éléments ouverts","Rapor borçlu açık öğeler","partidas abiertas informe de deudores"
"@Rapport for kreditor konto kort","Rapport for kreditor konto kort","Report vendor account cards","Bericht Kreditorenkonto Karten","Rapport compte du fournisseur de cartes","Rapor satıcı hesap kartları","Las libretas de cuenta del vendedor"
"@Rapport for kreditor konto saldo","Rapport for kreditor konto saldo","Report vendor account balance","Bericht Lieferantenkontostand","Rapport solde du compte du fournisseur","Rapor satıcı hesap bakiyesi","Informe del balance de cuenta de proveedor"
"@Rapport for kreditor købs statistik","Rapport for kreditor købs statistik","Report creditor purchase statistics","Bericht Gläubiger Einkaufsstatistiken","Rapport des statistiques d'achat des créanciers","Rapor alacaklı alım istatistikleri","Informe de estadísticas de compra acreedor"
"@Rapport for kreditor åbne poster","Rapport for kreditor åbne poster","Report vendor open items","Bericht Anbieter von offenen Posten","Rapport fournisseur éléments ouverts","Rapor satıcı açık öğeler","partidas abiertas informe de proveedores"
"@Rapporter","Rapporter","reports","Berichte","rapports","raporlar","informes"
"@Regnskab","Regnskab","accounting","Buchhaltung","comptabilité","muhasebe","contabilidad"
"@Regnskab...","Regnskab...","Accounting ...","Buchhaltung ...","Comptabilité ...","Muhasebe ...","Contabilidad ..."
"@Regnskab: ","Regnskab:","accounting:","Buchhaltung:","comptable:","muhasebe:","contable:"
"@SALDI-administratorens adgangskode","SALDI-administratorens adgangskode","BALANCES administrator password","BALANCES Administrator-Passwort","mot de passe administrateur de SOLDES","BORÇLAR yönetici parolası","contraseña de administrador SALDOS"
"@SALDI-administratorens brugernavn","SALDI-administratorens brugernavn","BALANCES administrator username","BALANCES Administrator-Benutzernamen","administrateur SOLDES nom d'utilisateur","BORÇLAR yönetici kullanıcı adı","nombre de usuario administrador SALDOS"
"@SHIFT Tab-tast","SHIFT Tab-tast","SHIFT Tab key","SHIFT Tab-Taste","SHIFT touche Tab","SHIFT Tab tuşuna","SHIFT tecla Tab"
"@SLET","SLET","CLEAR","CLEAR","EFFACER","SİL","CLARO"
"@SYSTEM","SYSTEM","SYSTEM","SYSTEM","SYSTÈME","SİSTEM","SISTEMA"
"@Saldo:","Saldo:","balance:","Bilanz:","équilibre:","denge:","equilibrio:"
"@Salgs ordre - Status","Salgs ordre - Status","Sales order - Status","Kundenauftrag - Status","Pour les ventes - Statut","Satış sipariş - Durum","pedido de cliente - Estado"
"@Salgs statistik","Salgs statistik","sales statistics","Verkaufsstatistik","statistiques de ventes","satış istatistikleri","estadísticas de ventas"
"@Se hvordan i installeringsvejledningen INSTALLATION.txt.","Se hvordan i installeringsvejledningen INSTALLATION.txt.","See how in the installation instructions INSTALLATION.txt.","Sehen Sie, wie in der Installationsanleitung Installation.txt.","Voyez comment dans la notice d'installation installation.txt.","nasıl kurulum talimatları INSTALLATION.txt görün.","Ver cómo en el INSTALLATION.txt instrucciones de instalación."
"@Se mere på","Se mere på","Look more at","Mehr unter","Voir plus à","Daha fazla görün","Ver más en"
"@Send faktura med mail","Send faktura med mail","Send invoice by mail","Senden Rechnung per Post","Envoyer facture par la poste","posta ile fatura gönder","Enviará la factura por correo"
"@Sikkerheds kopi","Sikkerheds kopi","security copy","Sicherheitskopie","copie de sécurité","güvenlik kopyası","copia de seguridad"
"@Skrives der `d` eller `k`, vil det efterfølgende nummer blive tolket som et Debitor konto-nummer eller et Kreditor konto-nummer.","Skrives der `d` eller `k`, vil det efterfølgende nummer blive tolket som et Debitor konto-nummer eller et Kreditor konto-nummer.","Is written `d` or` K +, the next number will be interpreted as a debtor account number or any creditor account number.","Ist geschrieben 'd' or` K +, wird die nächste Nummer als Schuldner Kontonummer interpretiert werden oder jeder Gläubiger Kontonummer.","Est écrit `d` or` K +, le prochain numéro sera interprété comme un numéro de compte débiteur ou tout numéro de compte du créancier.","`D` or` K + yazılır, bir sonraki sayı borçlu hesap numarası ya da herhangi bir alacaklı hesap numarası olarak yorumlanacaktır.","Está escrito `d` o` K +, el siguiente número será interpretado como un número de cuenta del deudor o cualquier número de cuenta del acreedor."
"@Slet indhold i alle filter-felter","Slet indhold i alle filter-felter","Delete content in all filter fields","Löschen Inhalt in allen Filterfelder","Supprimer le contenu dans tous les champs de filtre","Tüm filtre alanlarındaki içeriği silmek","Eliminar el contenido en todos los campos de filtro"
"@Slet posten","Slet posten","Delete the entry","Löschen Sie den Eintrag","Supprimez l'entrée","girişini silme","Eliminar la entrada"
"@Slet","Slet","Delete","löschen","effacer","silmek","borrar"
"@Spring til hoved-menu","Spring til hoved-menu","Skip to main menu","Zum Hauptmenü","Aller au menu principal","Ana menüye atla","Saltar al menú principal"
"@Sproget som skal benyttes på faktura udskrifter","Sproget som skal benyttes på faktura udskrifter","The language to be used on the invoice prints","Die Sprache auf der Rechnung zum Drucken verwendet werden","La langue à utiliser sur les impressions de factures","Dil fatura baskılar kullanılmak üzere","El idioma que se utiliza en las impresiones de facturas"
"@Sted","Sted","place","Platz","place","yer","lugar"
"@Straks","Straks","Immediately","sofort","immédiatement","hemen","inmediatamente"
"@Supplerende oplysning","Supplerende oplysning","additional information","weitere Informationen","des informations supplémentaires","ek bilgi","información adicional"
"@Systemet kontrollerer om mappen er skrivbar","Systemet kontrollerer om mappen er skrivbar","The system checks whether the directory is writable","Das System prüft, ob das Verzeichnis beschreibbar ist","Le système vérifie si le répertoire est inscriptible","Sistem dizini yazılabilir olup olmadığını denetler","El sistema comprueba si el directorio se puede escribir"
"@Systemet kontrollerer om modulet er tilgængeligt","Systemet kontrollerer om modulet er tilgængeligt","The system checks whether the module is available","Das System prüft, ob das Modul zur Verfügung steht","Le système vérifie si le module est disponible","sistem modülü mevcut olup olmadığını denetler","El sistema verifica si el módulo está disponible"
"@Sælger","Sælger","Seller","Verkäufer","vendeur","satıcı","vendedor"
"@Sælgers afdeling","Sælgers afdeling","Seller department","Verkäufer Abteilung","département Vendeur","Satıcı bölümü","departamento vendedor"
"@Sælgers referance","Sælgers referance","Seller referance","Verkäufer referance","Vendeur referance","Satıcı referans","referance vendedor"
"@Søg efter...","Søg efter...","Search for...","Suche nach ...","Rechercher ...","ara ...","Buscar ..."
"@Søg en anden","Søg en anden","Search another","suchen Sie ein anderes","Rechercher une autre","başka ara","Buscar otro"
"@Søg","Søg","search","Suche","recherche","arama","búsqueda"
"@Sørg for at der er skriveadgang for Webbrugere, til katalogerne","Sørg for at der er skriveadgang for Webbrugere, til katalogerne","Make sure there is write access for Web users, for catalogs","Stellen Sie sicher, dass es den Schreibzugriff für Web-Benutzer, für Kataloge","Assurez-vous qu'il ya un accès en écriture pour les utilisateurs Web, pour les catalogues","Make Web kullanıcıları için yazma erişim katalogları için, olduğundan emin","Asegúrese de que no hay acceso de escritura para los usuarios de la Web, para los catálogos"
"@TIP:","TIP:","TIP:","TIPP:","ASTUCE:","İPUCU:","TIP:"
"@Tab-tast","Tab-tast","Tab key","Tab-Taste","touche Tab","Tab tuşu","tecla de tabulación"
"@Tegn en hotline-aftale, så kan du ringe eller sende en e-mail og få hurtigt svar på spørgsmål om brugen af SALDI.","Tegn en hotline-aftale, så kan du ringe eller sende en e-mail og få hurtigt svar på spørgsmål om brugen af SALDI.","Draw a hotline agreement, then you can call or send an e-mail and get quick answers to questions about the use of BALANCES.","Zeichnen Sie eine Hotline Vereinbarung, dann können Sie anrufen oder eine E-Mail senden und erhalten schnelle Antworten auf Fragen über die Verwendung von BALANCES.","Dessinez un accord de hotline, alors vous pouvez appeler ou envoyer un e-mail et obtenir des réponses rapides à des questions sur l'utilisation de SOLDES.","Bir telefon hattı anlaşması çizin, o zaman arayabilir ya da e-posta göndermek ve DENGELERİNİN kullanımıyla ilgili sorulara hızlı cevap alabilirsiniz.","Dibujar una línea directa de acuerdo, entonces se puede llamar o enviar un correo electrónico y obtener respuestas rápidas a las preguntas sobre el uso de saldos."
"@Tegnsæt","Tegnsæt","Encoding","Codierung","codage","kodlama","codificación"
"@Telefon","Telefon","Telephone","Telefon","téléphone","telefon","teléfono"
"@Telefon(er)","Telefon(er)","Telephone (s)","Telefon (e)","Téléphone (s)","Telefon (lar)","Teléfono (s)"
"@The PDF Toolkit: flette pdf-baggrund med side.","The PDF Toolkit: flette pdf-baggrund med side.","The PDF Toolkit: merge PDF background page.","Das PDF-Toolkit: PDF Hintergrundseite verschmelzen.","Le PDF Toolkit: merge PDF de fond de page.","PDF Toolkit: PDF arka plan sayfası birleştirme.","El kit de herramientas de PDF: PDF fusionar página de fondo."
"@Tip:","Tip:","Tip:","Tipp:","Astuce:","İpucu:","Consejo:"
"@Top 100","Top 100","Top 100","Top 100","Top 100","Top-100","Top 100"
"@Udfyld Felt 1","Udfyld Felt 1","Complete Field 1","Komplette Feld 1","Complete Champ 1","Komple Tarla 1","El campo completo 1"
"@Udfyld Felt 2","Udfyld Felt 2","Complete Field 2","Komplette Feld 2","Complete Champ 2","Komple Alan 2","El campo 2 completa"
"@Udfyld Felt 3","Udfyld Felt 3","Complete Field 3","Komplette Feld 3","Complete Champ 3","Komple Alan 3","El campo 3 completa"
"@Udfyld Felt 4","Udfyld Felt 4","Fill Field 4","Füllen Sie Feld 4","Remplissez Champ 4","Alan 4 Dolgu","Rellene el campo 4"
"@Udfyld Felt 5","Udfyld Felt 5","Fill in Block 5","Füllen Sie Block 5","Remplissez le bloc 5","Blok doldurun 5","Llene en el bloque 5"
"@Udfyld...","Udfyld...","Fill ...","Füllen Sie ...","Remplissez ...","Dolgu ...","Llenar ..."
"@Udskriv til","Udskriv til","Print to","drucken auf","Imprimer à","Yazdır","imprimir en"
"@Udskriv","Udskriv","Print","drucken","imprimer","baskı","impresión"
"@Valuta som ordren skal benytte","Valuta som ordren skal benytte","Currency as the order to use","Sie Währung als zu verwenden,","Devise que l'ordre d'utiliser","kullanmak için yabancı para","Moneda que el fin de utilizar"
"@Valuta","Valuta","currency","Währung","monnaie","para","moneda"
"@Vare modtagelse","Vare modtagelse","receipt of goods","Wareneingang","réception des marchandises","malların alınmasından","recepción de los bienes"
"@Varenr","Varenr","Item no","Artikel","article","madde","artículo"
"@Varenummer hentes fra vareregistret.","Varenummer hentes fra vareregistret.","Item number retrieved from the trade register.","Artikelnummer aus dem Handelsregister abgerufen werden.","Numéro d'objet récupéré à partir du registre du commerce.","Ürün numarası ticaret siciline alınan.","Número de artículo recuperada del registro mercantil."
"@Vareopslag","Vareopslag","Item Lookup","Artikel Lookup","Point de recherche","Ürün Arama","Operaciones de búsqueda de artículos"
"@Varer","Varer","goods","Waren","marchandises","mal","bienes"
"@Verificering af ovenstående adgangskode","Verificering af ovenstående adgangskode","Verification of the above password","Die Überprüfung des Passwortes","Vérification du mot de passe ci-dessus","Yukarıdaki şifre doğrulama","La verificación de la contraseña anterior,"
"@Vis forrige","Vis forrige","View previous","vorheriges","voir le précédent","önceki görüntüle","Ver anterior"
"@Vis næste","Vis næste","Show next","Zeige nächste","Afficher suivant","Bir sonraki göster","Mostrar siguiente"
"@Vor ref.","Vor ref.","Our ref.","Unsere ref.","Notre ref.","Bizim ref.","Nuestra referencia."
"@Vor referance","Vor referance","our referance","unsere referance","notre referance","bizim referans","nuestra referance"
"@Vælg !","Vælg !","Choose !","Wählen Sie!","Choisissez!","Seçin!","Elegir!"
"@Vælg den databaseserver type, du ønsker at bruge.","Vælg den databaseserver type, du ønsker at bruge.","Select the database server type you want to use.","Wählen Sie die Datenbank-Server-Typ Sie verwenden möchten.","Sélectionnez le type de serveur de base de données que vous souhaitez utiliser.","Kullanmak istediğiniz veritabanı sunucusu türünü seçin.","Seleccione el tipo de servidor de base de datos que desea utilizar."
"@Vælg det tegnsæt du ønsker at bruge. Nyere versioner af PostgreSQL fungerer kun med UTF8","Vælg det tegnsæt du ønsker at bruge. Nyere versioner af PostgreSQL fungerer kun med UTF8","Select the character you want to use. Recent versions of PostgreSQL will only work with UTF8","Wählen Sie das Zeichen, das Sie verwenden möchten. Neuere Versionen von PostgreSQL nur mit UTF8 arbeiten","Sélectionnez le caractère que vous souhaitez utiliser. Les versions récentes de PostgreSQL ne fonctionne qu'avec UTF8","Kullanmak istediğiniz karakteri seçin. PostgreSQL'in son sürümleri sadece UTF8 ile çalışacak","Seleccione el carácter que desea utilizar. Las versiones recientes de PostgreSQL sólo funcionarán con UTF8"
"@Vælg hvilken gruppe kunden tilhører","Vælg hvilken gruppe kunden tilhører","Choose which group the customer belongs","Wählen Sie, welcher Gruppe der Kunde angehört,","Choisissez quel groupe appartient le client","Müşteri ait olduğu grup seçin","Elige a qué grupo pertenece el cliente"
"@Vælg på hvilken måde skal dokumentet udskrives, gemmes eller sendes.","Vælg på hvilken måde skal dokumentet udskrives, gemmes eller sendes.","Choose the way in which the document should be printed, stored or sent.","Wählen Sie die Art, in der das Dokument gedruckt werden soll, gespeichert oder gesendet werden.","Choisissez la manière dont le document doit être imprimé, stocké ou envoyé.","belge, basılı saklanabilir veya gönderilmesi gerekmektedir biçimini seçin.","Elige la forma en que el documento se debe imprimir, almacenar o enviar."
"@Værd at prøve:","Værd at prøve:","Worth a try:","Einen Versuch wert:","La peine d'essayer:","Bir cami:","Vale la pena probarlo:"
"@Vært:","Vært:","Host:","host:","hôte:","host:","host:"
"@WIKI med manual","WIKI med manual","WIKI with manual","WIKI mit manueller","WIKI avec le manuel","manuel WIKI","WIKI con manual"
"@Ydelser / Produkter på salgsordren.","Ydelser / Produkter på salgsordren.","Services / Products in the sales order.","Dienstleistungen / Produkte im Kundenauftrag.","Services / Produits dans l'ordre de vente.","Hizmetler / Satış amacıyla ürünler.","Servicios / Productos en el pedido de cliente."
"@Ydelser / Produkter:","Ydelser / Produkter:","Services / Products:","Leistungen / Produkte:","Services / Produits:","Hizmetler / Ürünler:","Servicios / Productos:"
"@at en linje skal bogføres direkte modsat af, hvad der står i kassekladden,","at en linje skal bogføres direkte modsat af, hvad der står i kassekladden,","a line to be posted directly opposite of what it says in the journal,","eine Linie, direkt gegenüber von gebucht werden, was heißt es in der Zeitschrift,","une ligne qui sera affichée directement en face de ce qu'il dit dans le journal,","Bir çizgi, o dergide ne diyor tam karşısında asılacak","una línea que se contabiliza directamente opuesto de lo que dice en la revista,"
"@eller","eller","or","oder","ou","veya","o"
"@email","email","email","E-Mail","email","E-posta","correo electrónico"
"@er nødvendig for at flette udskrift med Logo.","er nødvendig for at flette udskrift med Logo.","needed to merge print with Logo.","benötigte Druck mit Logo zu verschmelzen.","nécessaire pour fusionner avec le logo imprimé.","Logo baskı birleştirmek gerekiyordu.","necesaria para combinar con el logotipo de impresión."
"@evt. forsendelses dato","evt. forsendelses dato","possibly. shipping date","möglicherweise. Versanddatum","éventuellement. date d'expédition","muhtemelen. tarih nakliye","posiblemente. fecha de envío"
"@f.eks. Rekvisitions NR","f.eks. Rekvisitions NR","eg. requisition NR","zB. Anforderung NR","ex. réquisition NR","örneğin. talep NR","por ejemplo. requisición NR"
"@felter skal udfyldes og kontrolleres.","felter skal udfyldes og kontrolleres.","fields must be completed and checked.","Felder müssen ausgefüllt und geprüft werden.","les champs doivent être remplis et vérifiés.","alanların doldurulması ve kontrol edilmelidir.","campos deben ser completados y revisados."
"@for at kunne udskrive.","for at kunne udskrive.","in order to print.","um zu drucken.","afin d'imprimer.","yazdırmak amacıyla.","con el fin de imprimir."
"@hash installeret.","hash installeret.","hash installed.","Hash installiert.","hachage installé.","Yüklü karma.","hash de instalado."
"@hvis sproget ikke er dansk","hvis sproget ikke er dansk","if the language is not Danish","wenn die Sprache nicht Danish","si la langue est pas le danois","dil Danca değilse","Si el idioma no es el danés"
"@hvor "connect.php" skal oprettes.","hvor "connect.php" skal oprettes.","where "connect.php" should be created.","wo "connect.php" geschaffen werden.","où "connect.php" devrait être créé.","burada "connect.php" oluşturulmalıdır.","que se debe crear "connect.php"."
"@kun erhverv","kun erhverv","only business","nur Unternehmen","seule entreprise","sadece iş","único negocio"
"@mcrypt installeret.","mcrypt installeret.","mcrypt installed.","mcrypt installiert.","mcrypt installé.","mcrypt yüklü.","mcrypt instalado."
"@skal understøtte modulerne: mcrypt og hash, som benyttes til at håndtere passwords sikkert.","skal understøtte modulerne: mcrypt og hash, som benyttes til at håndtere passwords sikkert.","must support modules: mcrypt and the hash which is used to manage secure passwords.","mcrypt und den Hash, die sichere Passwörter zu verwalten verwendet wird: muss Module unterstützen.","doit prendre en charge les modules: mcrypt et le hachage qui est utilisé pour gérer les mots de passe sécurisés.","mcrypt ve güvenli şifreler yönetmek için kullanılan karma: modüller desteklemesi gerekir.","debe ser compatible con los módulos: mcrypt y el hash que se utiliza para gestionar contraseñas seguras."
"@som brugernavn og med den valgte adgangskode","som brugernavn og med den valgte adgangskode","as username and your chosen password","als Benutzernamen und Ihr gewähltes Passwort","comme nom d'utilisateur et votre mot de passe choisi","kullanıcı adı ve seçtiğiniz şifre olarak","como nombre de usuario y la contraseña elegida"
"@som regnskab,","som regnskab,","such as accounting,","wie Buchhaltung,","tels que la comptabilité,","muhasebe gibi,","tales como contabilidad,"
"@springer til forrige felt.","springer til forrige felt.","skips to the previous field.","das vorherige Feld springt an.","saute au champ précédent.","Bir önceki alana atlar.","salta al campo anterior."
"@springer til næste felt.","springer til næste felt.","skips to the next field.","springt zum nächsten Feld.","saute au champ suivant.","Bir sonraki alana atlar.","salta al siguiente campo."
"@så får du hjælpetekster og gode tips.","så får du hjælpetekster og gode tips.","then you get help texts and tips.","dann Sie Hilfetexte und Tipps bekommen.","alors vous obtenez des textes d'aide et des conseils.","o zaman yardım metinlerini ve ipuçları.","entonces se obtiene textos y mensajes de ayuda."
"@så får du hjælpetekster og tips.","så får du hjælpetekster og tips.","then you get help texts and tips.","dann Sie Hilfetexte und Tipps bekommen.","alors vous obtenez des textes d'aide et des conseils.","o zaman yardım metinlerini ve ipuçları.","entonces se obtiene textos y mensajes de ayuda."
"@så kan man blot sætte minustegn foran beløbet. På den måde bytter kontonumrene i felterne debet og kredit plads, og beløbet bliver igen positivt.","så kan man blot sætte minustegn foran beløbet. På den måde bytter kontonumrene i felterne debet og kredit plads, og beløbet bliver igen positivt.","then you can just put minus signs in front of the amount. That way exchange account numbers in the boxes debit and credit space, and the amount is again positive.","dann können Sie nur von der Menge setzen Minuszeichen vor. Auf diese Weise tauschen Kontonummern in den Feldern belasten und Kredit Raum, und die Menge ist wieder positiv.","alors vous pouvez simplement mettre le signe moins devant le montant. Que les numéros de compte d'échange de cours dans les boîtes de débit et de l'espace de crédit, et le montant est à nouveau positive.","o zaman sadece miktarı önüne eksi işaretlerini koyabilirsiniz. Kutularda bu şekilde değişim hesap numaraları borç ve kredi alan ve miktarı yine pozitiftir.","a continuación, puedes poner signos menos frente a la cantidad. Que los números de cuenta intercambio manera en las cajas de débito y de crédito espacio, y la cantidad es más positivo."
"@u/m (uden moms) kan benyttes til at bogføre beløb uden moms på konti, der har en momssats tilknyttet.","u/m (uden moms) kan benyttes til at bogføre beløb uden moms på konti, der har en momssats tilknyttet.","u / m (without VAT) can be used to post the amount without VAT on accounts that have a VAT rate associated.","u / m (ohne Mehrwertsteuer) können verwendet werden, um den Betrag ohne Mehrwertsteuer auf Konten zu veröffentlichen, die eine Mehrwertsteuersatz zugeordnet.","u / m (sans TVA) peut être utilisé pour afficher le montant sans TVA sur les comptes qui ont un taux de TVA associé.","u / m (KDV'siz) ilişkili bir KDV oranına sahip hesaplarda KDV hariç tutarı göndermek için kullanılabilir.","u / m (sin IVA) se puede utilizar para publicar la cantidad no incluye el IVA en las cuentas que tienen un tipo de IVA asociado."
"@u/m","u/m","u / ml","u / ml","u / ml","U / ml","u / ml"
"@um. (uden moms) kan benyttes til at bogføre beløb uden moms på konti, der har en momssats tilknyttet.","um. (uden moms) kan benyttes til at bogføre beløb uden moms på konti, der har en momssats tilknyttet.","um. (Without VAT) can be used to post the amount without VAT on accounts that have a VAT rate associated.","mgr; m. (Ohne MwSt) kann verwendet werden, um den Betrag ohne Mehrwertsteuer auf Konten zu veröffentlichen, die eine Mehrwertsteuersatz zugeordnet.","um. (Sans TVA) peut être utilisé pour afficher le montant sans TVA sur les comptes qui ont un taux de TVA associé.","um. (Vergisiz) ilişkili bir KDV oranına sahip hesaplarda KDV hariç tutarı göndermek için kullanılabilir.","um. (Sin IVA) se puede utilizar para publicar la cantidad no incluye el IVA en las cuentas que tienen un tipo de IVA asociado."
"@um.","um.","um.","mgr; m.","um.","um.","um."
"@virker også. ","virker også.","also works.","auch funktioniert.","fonctionne également.","da çalışır.","también funciona."
"@Åbne poster","Åbne poster","open items","offene Posten","articles ouverts","açık öğeler","partidas abiertas"
"@Ønsket adgangskode for SALDI-administratoren af dit SALDI-system","Ønsket adgangskode for SALDI-administratoren af dit SALDI-system","Desired password BALANCES administrator of your BALANCES system","Gewünschtes Passwort BALANCES Administrator Ihres BALANCES System","SOLDES de mot de passe souhaité administrateur de votre système SOLDES","senin AÇIKLAMALARI sistemin istenen şifre AÇIKLAMALARI yönetici","SALDOS deseada administrador de contraseñas de su sistema SALDOS"
"@Ønsket navn på din SALDI-administratorkonto til dit SALDI-system. F.eks.: [saldi-admin]","Ønsket navn på din SALDI-administratorkonto til dit SALDI-system. F.eks.: [saldi-admin]","Desired name of your BALANCES-administrator account for your BALANCES system. Eg .: [balances Manager]","Wunsch Name Ihres BALANCES-Administratorkonto für Ihre BALANCES System. Zum Beispiel:. [Salden Manager]","nom désiré de votre compte SOLDES-administrateur de votre système SOLDES. Ex.: [Soldes Manager]","senin AÇIKLAMALARI sistemi için AÇIKLAMALARI-yönetici hesabının istenen isim. Ör:. [Dengeler Müdürü]","nombre deseado de su cuenta SALDOS-administrador de su sistema de contrapesos. Por ejemplo:. [Saldos Administrador]"
"@Ønsket navn på din hoveddatabase for SALDI. F.eks.: [saldi-db]","Ønsket navn på din hoveddatabase for SALDI. F.eks.: [saldi-db]","Desired name of your master database BALANCES. Eg .: [balances-db]","Wunsch Namen Ihrer Master-Datenbank ausgleicht. Zum Beispiel:. [Salden-db]","nom désiré de vos SOLDES base de données master. Ex.: [Balances-db]","senin ana veritabanı DENGELERİNİN istenen isim. Ör:. [Dengeler-db]","nombre deseado de los saldos de su base de datos maestra. Por ejemplo:. [Saldos-db]"
